{
    "0": 0.9543430805206299, 
    "1": 0.7642327547073364, 
    "2": 0.7382901906967163, 
    "3": 0.6493299007415771, 
    "4": 0.5605394840240479, 
    "5": 0.7522194981575012, 
    "6": 0.7262190580368042, 
    "7": 0.6001512408256531, 
    "8": 0.5691774487495422, 
    "9": 0.6682848334312439, 
    "10": 0.6387045979499817, 
    "11": 0.7827386260032654, 
    "12": 0.7795431613922119, 
    "13": 0.5579546689987183, 
    "14": 0.6631348133087158, 
    "15": 0.6388899087905884, 
    "16": 0.7554964423179626, 
    "17": 0.6847513914108276, 
    "18": 0.7824548482894897, 
    "19": 0.7433059215545654, 
    "20": 0.7193951606750488, 
    "21": 0.7338545918464661, 
    "22": 0.7147855758666992
}